{
  "auth sign up" : {
    "transaction" : "auth sign up",
    "sampleCount" : 5933,
    "errorCount" : 5762,
    "errorPct" : 97.11781,
    "meanResTime" : 874.3608629698301,
    "medianResTime" : 173.0,
    "minResTime" : 147.0,
    "maxResTime" : 25629.0,
    "pct1ResTime" : 1229.2000000000007,
    "pct2ResTime" : 3204.6000000000004,
    "pct3ResTime" : 14036.539999999939,
    "throughput" : 19.648753282795667,
    "receivedKBytesPerSec" : 9.45619408277116,
    "sentKBytesPerSec" : 5.4046982270419575
  },
  "Get car Brands" : {
    "transaction" : "Get car Brands",
    "sampleCount" : 5891,
    "errorCount" : 0,
    "errorPct" : 0.0,
    "meanResTime" : 82.38176879986413,
    "medianResTime" : 54.0,
    "minResTime" : 47.0,
    "maxResTime" : 5204.0,
    "pct1ResTime" : 80.0,
    "pct2ResTime" : 113.39999999999964,
    "pct3ResTime" : 338.39999999999964,
    "throughput" : 20.35766738660907,
    "receivedKBytesPerSec" : 11.471068439524839,
    "sentKBytesPerSec" : 8.144030102591792
  },
  "Total" : {
    "transaction" : "Total",
    "sampleCount" : 17711,
    "errorCount" : 5762,
    "errorPct" : 32.533455,
    "meanResTime" : 346.54389927163714,
    "medianResTime" : 64.0,
    "minResTime" : 47.0,
    "maxResTime" : 25629.0,
    "pct1ResTime" : 321.0,
    "pct2ResTime" : 1180.0,
    "pct3ResTime" : 6529.160000000007,
    "throughput" : 58.654823763963265,
    "receivedKBytesPerSec" : 29.91204343060013,
    "sentKBytesPerSec" : 17.296006513223915
  },
  "Logout" : {
    "transaction" : "Logout",
    "sampleCount" : 5887,
    "errorCount" : 0,
    "errorPct" : 0.0,
    "meanResTime" : 78.94428401562774,
    "medianResTime" : 56.0,
    "minResTime" : 48.0,
    "maxResTime" : 13736.0,
    "pct1ResTime" : 85.0,
    "pct2ResTime" : 119.59999999999945,
    "pct3ResTime" : 314.2399999999998,
    "throughput" : 20.345180331494767,
    "receivedKBytesPerSec" : 9.874565063235254,
    "sentKBytesPerSec" : 4.2644268651764605
  }
}